OBJECTID,ExpectedK,ObservedK
1,"2,500","3,701.59289"
2,"5,000","7,691.00967"
3,"7,500","11,959.65381"
4,"10,000","15,863.32464"
5,"12,500","19,372.5416"
6,"15,000","22,737.45648"
7,"17,500","25,930.48932"
8,"20,000","28,846.71724"
9,"22,500","31,334.48922"
10,"25,000","33,454.48107"
